file	line	api	arg_shape	context	when
src/main/backup-file.js	17	fs.open	derived_from_user_path	writeBackupFile	user_action
src/main/backup-file.js	24	fs.rename	derived_from_user_path	writeBackupFile	user_action
src/main/backup-file.js	37	fs.unlink	derived_from_user_path	writeBackupFile	user_action
src/main/export-files.js	9	fs.constants	literal	module_level	app_boot
src/main/export-files.js	12	fs.constants	literal	module_level	app_boot
src/main/export-files.js	18	fs.lstatSync	parameter	lstatSafe	user_action
src/main/export-files.js	56	fs.readdirSync	parameter	listExportFiles	user_action
src/main/export-files.js	63	fs.lstatSync	parameter	listExportFiles	user_action
src/main/export-files.js	102	fs.openSync	parameter	openExportFile	user_action
src/main/file-watcher.js	36	fs.watchFile	IPC_supplied	watch	user_action
src/main/file-watcher.js	60	fs.unwatchFile	IPC_supplied	unwatch	user_action
src/main/file-watcher.js	77	fs.unwatchFile	IPC_supplied	unwatchAll	user_action
src/main/system-path.js	7	process.env	literal	getSystem32Path	user_action
src/main/electron.js	58	app.getPath	literal	detectInitialAdaptiveColorsDefault	app_boot
src/main/electron.js	59	fs.existsSync	derived	detectInitialAdaptiveColorsDefault	app_boot
src/main/electron.js	59	fs.readdirSync	derived	detectInitialAdaptiveColorsDefault	app_boot
src/main/electron.js	75	process.env	literal_read	module_level	app_boot
src/main/electron.js	77	fs.existsSync	literal	module_level	app_boot
src/main/electron.js	78	process.env	literal_read	module_level	app_boot
src/main/electron.js	107	dialog.showMessageBox	literal	notifyUpdateFailure	app_boot
src/main/electron.js	181	process.env	literal_read	module_level	app_boot
src/main/electron.js	196	process.env	literal_write	module_level	app_boot
src/main/electron.js	277	fs.realpathSync	derived	blessPath	user_action
src/main/electron.js	285	fs.realpathSync	derived	blessPath	user_action
src/main/electron.js	513	fs.realpathSync	derived	loadConfigReadablePaths	app_boot
src/main/electron.js	541	fs.statSync	parameter	statSafe	user_action
src/main/electron.js	577	fs.existsSync	IPC_supplied	migrateLegacyRecentsOnce	app_boot
src/main/electron.js	632	fs.existsSync	derived	migrateLegacyLibrariesOnce	app_boot
src/main/electron.js	651	fs.existsSync	derived	module_level	app_boot
src/main/electron.js	675	fs.existsSync	derived	module_level	app_boot
src/main/electron.js	677	fs.readFileSync	derived	module_level	app_boot
src/main/electron.js	876	dialog.showMessageBoxSync	literal	ipcMain_isModified-result	user_action
src/main/electron.js	994	session.webRequest.onHeadersReceived	literal	module_level	app_boot
src/main/electron.js	1010	session.webRequest.onBeforeRequest	literal	module_level	app_boot
src/main/electron.js	1114	fs.statSync	IPC_supplied	ipcMain_export	user_action
src/main/electron.js	1273	fs.statSync	IPC_supplied	ipcMain_export	user_action
src/main/electron.js	1348	fs.readFileSync	IPC_supplied	ipcMain_export	user_action
src/main/electron.js	1567	fs.writeFileSync	IPC_supplied	ipcMain_export	user_action
src/main/electron.js	1568	fs.fsyncSync	IPC_supplied	ipcMain_export	user_action
src/main/electron.js	1572	fs.closeSync	IPC_supplied	ipcMain_export	user_action
src/main/electron.js	1801	fs.existsSync	IPC_supplied	ipcMain_export	user_action
src/main/electron.js	1974	dialog.showMessageBox	user_choice	ipcMain_save_as	user_action
src/main/electron.js	2024	shell.openExternal	literal	menu_click	user_action
src/main/electron.js	2028	shell.openExternal	literal	menu_click	user_action
src/main/electron.js	2235	dialog.showMessageBox	literal	ipcMain_unlink	user_action
src/main/electron.js	2339	dialog.showMessageBox	literal	ipcMain_lock	user_action
src/main/electron.js	2366	dialog.showMessageBox	literal	ipcMain_rename	user_action
src/main/electron.js	3295	dialog.showMessageBox	literal	ipcMain_readFile	user_action
src/main/electron.js	3432	fs.constants	literal	module_level	app_boot
src/main/electron.js	3796	app.getPath	literal	ipcMain_readdir	user_action
src/main/electron.js	3878	fs.existsSync	derived	ipcMain_saveFile	user_action
src/main/electron.js	3898	fs.existsSync	derived	ipcMain_saveFile	user_action
src/main/electron.js	3908	fs.existsSync	derived	ipcMain_saveFile	user_action
src/main/electron.js	4070	fs.existsSync	derived	ipcMain_saveFile	user_action
src/main/electron.js	4075	fs.unlink	derived	ipcMain_saveFile	user_action
src/main/electron.js	4132	fs.existsSync	IPC_supplied	ipcMain_exists	user_action
src/main/electron.js	4175	app.getPath	literal	ipcMain_getDefaultPath	user_action
src/main/electron.js	4188	fs.existsSync	IPC_supplied	ipcMain_exists	user_action
src/main/electron.js	4195	dialog.showOpenDialog	user_choice	ipcMain_open	user_action
src/main/electron.js	4216	dialog.showSaveDialog	user_choice	ipcMain_saveAs	user_action
src/main/electron.js	4266	fsProm.access	IPC_supplied	ipcMain_canWrite	user_action
src/main/electron.js	4355	shell.openExternal	IPC_supplied	ipcMain_openExternal	user_action
src/main/electron.js	3966	child_process.spawn	System32 attrib.exe + draft path derived from user file	draft save (win32 only)	user_action
src/main/electron.js	4113	child_process.spawn	System32 attrib.exe + backup path derived from user file	backup (win32 only)	user_action
src/main/electron.js	4413	child_process.execFile	literal fc-list (powershell on win32), fixed args	installed-fonts query	user_action
src/main/electron.js	2078	autoUpdater.setFeedURL/checkForUpdates (net via electron-updater)	literal feed URL	boot update check (off with DRAWIO_DISABLE_UPDATE)	app_boot
src/main/electron.js	4282	clipboard.writeText/readText/write	renderer-supplied data	clipboard rendererReq actions	user_action
